dataset,kind,config,seed,k,exact_score,anneal_score,score_gap,optimal,evaluations,time_seconds,columns
dna_three_sequence,DNA,small,20262453,3,22,22,0,yes,6020,0.1467,6
dna_three_sequence,DNA,small,20262454,3,22,22,0,yes,6020,0.1702,6
dna_three_sequence,DNA,small,20262455,3,22,22,0,yes,6020,0.1479,6
dna_three_sequence,DNA,small,20262456,3,22,22,0,yes,6020,0.1485,6
dna_three_sequence,DNA,small,20262457,3,22,22,0,yes,6020,0.1468,6
dna_three_sequence,DNA,small,20262458,3,22,22,0,yes,6020,0.1448,6
dna_three_sequence,DNA,small,20262459,3,22,22,0,yes,6020,0.1475,6
dna_three_sequence,DNA,small,20262460,3,22,22,0,yes,6020,0.1479,6
dna_three_sequence,DNA,small,20262461,3,22,22,0,yes,6020,0.1466,6
dna_three_sequence,DNA,small,20262462,3,22,22,0,yes,6020,0.1457,6
dna_three_sequence,DNA,medium,20262454,3,22,22,0,yes,35050,0.8496,6
dna_three_sequence,DNA,medium,20262455,3,22,22,0,yes,35050,0.8432,6
dna_three_sequence,DNA,medium,20262456,3,22,22,0,yes,35050,0.8433,6
dna_three_sequence,DNA,medium,20262457,3,22,22,0,yes,35050,0.8436,6
dna_three_sequence,DNA,medium,20262458,3,22,22,0,yes,35050,0.8406,6
dna_three_sequence,DNA,medium,20262459,3,22,22,0,yes,35050,0.8496,6
dna_three_sequence,DNA,medium,20262460,3,22,22,0,yes,35050,0.9235,6
dna_three_sequence,DNA,medium,20262461,3,22,22,0,yes,35050,0.8801,6
dna_three_sequence,DNA,medium,20262462,3,22,22,0,yes,35050,0.8864,6
dna_three_sequence,DNA,medium,20262463,3,22,22,0,yes,35050,0.8688,6
protein_three_sequence,protein,small,20262857,3,28,28,0,yes,6020,0.1665,7
protein_three_sequence,protein,small,20262858,3,28,28,0,yes,6020,0.1658,7
protein_three_sequence,protein,small,20262859,3,28,28,0,yes,6020,0.1659,7
protein_three_sequence,protein,small,20262860,3,28,28,0,yes,6020,0.1936,7
protein_three_sequence,protein,small,20262861,3,28,28,0,yes,6020,0.1634,7
protein_three_sequence,protein,small,20262862,3,28,28,0,yes,6020,0.1673,7
protein_three_sequence,protein,small,20262863,3,28,28,0,yes,6020,0.1674,7
protein_three_sequence,protein,small,20262864,3,28,28,0,yes,6020,0.1646,7
protein_three_sequence,protein,small,20262865,3,28,28,0,yes,6020,0.1684,7
protein_three_sequence,protein,small,20262866,3,28,28,0,yes,6020,0.1628,7
protein_three_sequence,protein,medium,20262858,3,28,28,0,yes,35050,0.9484,7
protein_three_sequence,protein,medium,20262859,3,28,28,0,yes,35050,0.9481,7
protein_three_sequence,protein,medium,20262860,3,28,28,0,yes,35050,1.0806,7
protein_three_sequence,protein,medium,20262861,3,28,28,0,yes,35050,0.9506,7
protein_three_sequence,protein,medium,20262862,3,28,28,0,yes,35050,0.9438,7
protein_three_sequence,protein,medium,20262863,3,28,28,0,yes,35050,0.9401,7
protein_three_sequence,protein,medium,20262864,3,28,28,0,yes,35050,0.9395,7
protein_three_sequence,protein,medium,20262865,3,28,28,0,yes,35050,0.9388,7
protein_three_sequence,protein,medium,20262866,3,28,28,0,yes,35050,0.9333,7
protein_three_sequence,protein,medium,20262867,3,28,28,0,yes,35050,0.9636,7
synthetic_four_sequence,DNA,small,20262958,4,69,69,0,yes,6020,0.2497,9
synthetic_four_sequence,DNA,small,20262959,4,69,69,0,yes,6020,0.2557,9
synthetic_four_sequence,DNA,small,20262960,4,69,69,0,yes,6020,0.2575,9
synthetic_four_sequence,DNA,small,20262961,4,69,69,0,yes,6020,0.2539,9
synthetic_four_sequence,DNA,small,20262962,4,69,69,0,yes,6020,0.2832,9
synthetic_four_sequence,DNA,small,20262963,4,69,69,0,yes,6020,0.2584,9
synthetic_four_sequence,DNA,small,20262964,4,69,69,0,yes,6020,0.2566,9
synthetic_four_sequence,DNA,small,20262965,4,69,69,0,yes,6020,0.2534,9
synthetic_four_sequence,DNA,small,20262966,4,69,69,0,yes,6020,0.2561,9
synthetic_four_sequence,DNA,small,20262967,4,69,69,0,yes,6020,0.2574,9
synthetic_four_sequence,DNA,medium,20262959,4,69,69,0,yes,35050,1.4497,9
synthetic_four_sequence,DNA,medium,20262960,4,69,69,0,yes,35050,1.5107,9
synthetic_four_sequence,DNA,medium,20262961,4,69,69,0,yes,35050,1.4463,9
synthetic_four_sequence,DNA,medium,20262962,4,69,69,0,yes,35050,1.4266,9
synthetic_four_sequence,DNA,medium,20262963,4,69,69,0,yes,35050,1.4184,9
synthetic_four_sequence,DNA,medium,20262964,4,69,69,0,yes,35050,1.4213,9
synthetic_four_sequence,DNA,medium,20262965,4,69,69,0,yes,35050,1.4089,9
synthetic_four_sequence,DNA,medium,20262966,4,69,69,0,yes,35050,1.4586,9
synthetic_four_sequence,DNA,medium,20262967,4,69,69,0,yes,35050,1.5411,9
synthetic_four_sequence,DNA,medium,20262968,4,69,69,0,yes,35050,1.4842,9
dna_four_gattaca,DNA,small,20262251,4,45,42,3,no,6020,0.2760,8
dna_four_gattaca,DNA,small,20262252,4,45,45,0,yes,6020,0.2357,9
dna_four_gattaca,DNA,small,20262253,4,45,45,0,yes,6020,0.2376,9
dna_four_gattaca,DNA,small,20262254,4,45,42,3,no,6020,0.2784,9
dna_four_gattaca,DNA,small,20262255,4,45,42,3,no,6020,0.2301,8
dna_four_gattaca,DNA,small,20262256,4,45,42,3,no,6020,0.2328,8
dna_four_gattaca,DNA,small,20262257,4,45,42,3,no,6020,0.2700,8
dna_four_gattaca,DNA,small,20262258,4,45,45,0,yes,6020,0.2275,9
dna_four_gattaca,DNA,small,20262259,4,45,45,0,yes,6020,0.2579,9
dna_four_gattaca,DNA,small,20262260,4,45,45,0,yes,6020,0.2256,9
dna_four_gattaca,DNA,medium,20262252,4,45,45,0,yes,35050,1.3133,9
dna_four_gattaca,DNA,medium,20262253,4,45,45,0,yes,35050,1.3930,9
dna_four_gattaca,DNA,medium,20262254,4,45,45,0,yes,35050,1.3301,9
dna_four_gattaca,DNA,medium,20262255,4,45,45,0,yes,35050,1.3093,9
dna_four_gattaca,DNA,medium,20262256,4,45,45,0,yes,35050,1.3301,9
dna_four_gattaca,DNA,medium,20262257,4,45,45,0,yes,35050,1.3085,9
dna_four_gattaca,DNA,medium,20262258,4,45,45,0,yes,35050,1.2935,9
dna_four_gattaca,DNA,medium,20262259,4,45,45,0,yes,35050,1.3103,9
dna_four_gattaca,DNA,medium,20262260,4,45,45,0,yes,35050,1.3124,9
dna_four_gattaca,DNA,medium,20262261,4,45,45,0,yes,35050,1.3651,9
