instance,penalty,feasible,score_gap,smallest_successful_tested,conservative_bound
pair_CA_A,0.5,no,inf,2.0,18
pair_CA_A,1.0,no,inf,2.0,18
pair_CA_A,2.0,yes,0,2.0,18
pair_CA_A,3.0,yes,0,2.0,18
pair_CA_A,5.0,yes,0,2.0,18
pair_CA_A,8.0,yes,0,2.0,18
pair_CA_A,13.0,yes,0,2.0,18
pair_CA_A,21.0,yes,0,2.0,18
pair_CA_A,34.0,yes,0,2.0,18
pair_CA_A,55.0,yes,0,2.0,18
dna_two_ACG_AG,0.5,no,inf,2.0,43
dna_two_ACG_AG,1.0,no,inf,2.0,43
dna_two_ACG_AG,2.0,yes,0,2.0,43
dna_two_ACG_AG,3.0,yes,0,2.0,43
dna_two_ACG_AG,5.0,yes,0,2.0,43
dna_two_ACG_AG,8.0,yes,0,2.0,43
dna_two_ACG_AG,13.0,yes,0,2.0,43
dna_two_ACG_AG,21.0,yes,0,2.0,43
dna_two_ACG_AG,34.0,yes,0,2.0,43
dna_two_ACG_AG,55.0,yes,0,2.0,43
